{
   
    "plugins": [
        {
            /*
            Required - assemblypath - Relative path (from this file or the path parameter above) to the assembies to deply
            Can be either plugins or workflow activities
            Create multiple entries for different profiles
            */
            "profile": "default,debug",
            "assemblypath": "bin\\Debug"
            /*
            Optional - defines the regex to use to detect a plugin or workflow activity when using a custom base class
            */
            //"classRegex": "((public( sealed)? class (?'class'[\\w]*)[\\W]*?)((?'plugin':[\\W]*?((IPlugin)|(PluginBase)|(Plugin)))|(?'wf':[\\W]*?CodeActivity)))"
        }
    ],
    "earlyboundtypes": [
      {
        /*
            Comma separated list of entity logical names.
            I've not provided support for -all- entities because this results in unneccessarily large plugins!
            */
        "entities": "account",
        /*
            Comma separated list of actions request/responses to generate - leave emtpty or ommit for none
            */
        "actions": "dev1_simpleaction",
        /*
            Set to 'true' to generate Enums for optionsets
            */
        "generateOptionsetEnums": "true",
        /*
            Set to 'true' to generate Enums for States and Statuses
            */
        "generateStateEnums": "true",
        /*
            Set to 'true' to generate Enums for Global optionsets
            */
        "generateGlobalOptionsets": false,
        /*
            The path (relative to this file) to output
            */
        "filename": "EarlyBoundTypes.cs",
        /*
            Output one file per class/optionset/service/request
            */
        "oneTypePerFile": false,
        /*
            The namespace to put the classes under
            */
        "classNamespace": "SamplePlugin",
        /*
            The name of the Service context to create - leave blank or ommit for none
            */
        "serviceContextName": "XrmSvc"
      }
    ]
    
}